text,rating,date,source
"The app UX is great for repeat purchases, terrible for window shopping. It's designed to get you in and out fast.",,1784873090.374863,Reddit
Habit lock-in is real! My fingers literally have muscle memory for adding my regular grocery list on Blinkit in 30 seconds. No time to browse for anything else. Anyone else agree?,,1784577773.374863,Reddit
I explore categories way more when I see a deep discount banner. Price anxiety goes away when it's on sale.,,1785148255.374863,Reddit
The reason I don't buy fresh produce on Blinkit is trust deficit. I need to squeeze the tomatoes myself! Anyone else agree?,,1784861592.374863,Reddit
"The app UX is great for repeat purchases, terrible for window shopping. It's designed to get you in and out fast. Anyone else agree?",,1785095441.374863,Reddit
"Honestly I would buy more from new categories if they had a 'frequently bought together' that made sense, instead of just pushing my usual staples.",,1784782624.374863,Reddit
I explore categories way more when I see a deep discount banner. Price anxiety goes away when it's on sale. Anyone else agree?,,1785004710.374863,Reddit
"Blinkit vs Zepto for discovering new snacks? I feel like Blinkit's recommendation engine just shows me my past purchases, making it hard to find new stuff. Anyone else agree?",,1784510259.374863,Reddit
"Just discovered the 'Pet Supplies' category on Blinkit. Absolute game-changer, no more lugging 10kg bags of dog food from the store. Anyone else agree?",,1784506047.374863,Reddit
"Just discovered the 'Pet Supplies' category on Blinkit. Absolute game-changer, no more lugging 10kg bags of dog food from the store.",,1784422242.374863,Reddit
"Honestly I would buy more from new categories if they had a 'frequently bought together' that made sense, instead of just pushing my usual staples.",,1784891431.374863,Reddit
I just realized I order the exact same 5 things on Blinkit every single time. It's too much friction to explore new categories. Who else is stuck in this habit loop? Anyone else agree?,,1784560593.374863,Reddit
"Blinkit vs Zepto for discovering new snacks? I feel like Blinkit's recommendation engine just shows me my past purchases, making it hard to find new stuff. Anyone else agree?",,1784878980.374863,Reddit
"Blinkit vs Zepto for discovering new snacks? I feel like Blinkit's recommendation engine just shows me my past purchases, making it hard to find new stuff.",,1784932015.374863,Reddit
"Honestly I would buy more from new categories if they had a 'frequently bought together' that made sense, instead of just pushing my usual staples.",,1784663885.374863,Reddit
"The app UX is great for repeat purchases, terrible for window shopping. It's designed to get you in and out fast. Anyone else agree?",,1784331598.374863,Reddit
"Just discovered the 'Pet Supplies' category on Blinkit. Absolute game-changer, no more lugging 10kg bags of dog food from the store.",,1785301526.374863,Reddit
I just realized I order the exact same 5 things on Blinkit every single time. It's too much friction to explore new categories. Who else is stuck in this habit loop? Anyone else agree?,,1784895318.374863,Reddit
"Blinkit vs Zepto for discovering new snacks? I feel like Blinkit's recommendation engine just shows me my past purchases, making it hard to find new stuff.",,1784720566.374863,Reddit
"What's stopping you from buying electronics on Blinkit? I feel like I can't trust buying a 10k phone without seeing it first, even though I buy groceries there daily.",,1785294752.374863,Reddit
"They really need to improve the category navigation. When I want to explore home goods, I get overwhelmed by irrelevant items. Needs better filtering.",,1784953218.374863,Reddit
I want to explore the new Print out category on Blinkit but I have this weird price anxiety that they might charge way too much per page. Anyone else agree?,,1784449278.374863,Reddit
I just realized I order the exact same 5 things on Blinkit every single time. It's too much friction to explore new categories. Who else is stuck in this habit loop? Anyone else agree?,,1785050841.374863,Reddit
I can't explore new categories when I'm in a rush. I only open Blinkit when I'm desperate for 10-minute delivery of an immediate need. Anyone else agree?,,1784791469.374863,Reddit
"Blinkit vs Zepto for discovering new snacks? I feel like Blinkit's recommendation engine just shows me my past purchases, making it hard to find new stuff.",,1785228207.374863,Reddit
Habit lock-in is real! My fingers literally have muscle memory for adding my regular grocery list on Blinkit in 30 seconds. No time to browse for anything else.,,1784847619.374863,Reddit
Anyone tried the Blinkit Cafe? I'm hesitant to buy coffee from a grocery app.,,1784736200.374863,Reddit
"Blinkit vs Zepto for discovering new snacks? I feel like Blinkit's recommendation engine just shows me my past purchases, making it hard to find new stuff.",,1784451529.374863,Reddit
Habit lock-in is real! My fingers literally have muscle memory for adding my regular grocery list on Blinkit in 30 seconds. No time to browse for anything else. Anyone else agree?,,1785227466.374863,Reddit
"Honestly I would buy more from new categories if they had a 'frequently bought together' that made sense, instead of just pushing my usual staples. Anyone else agree?",,1784734723.374863,Reddit
I want to explore the new Print out category on Blinkit but I have this weird price anxiety that they might charge way too much per page. Anyone else agree?,,1784327213.374863,Reddit
I just realized I order the exact same 5 things on Blinkit every single time. It's too much friction to explore new categories. Who else is stuck in this habit loop?,,1784964477.374863,Reddit
Is anyone else using Blinkit for gifting now? The 'festival/gifting' category is actually pretty decent for last-minute stuff.,,1784641292.374863,Reddit
"Blinkit vs Zepto for discovering new snacks? I feel like Blinkit's recommendation engine just shows me my past purchases, making it hard to find new stuff.",,1784495292.374863,Reddit
"Honestly I would buy more from new categories if they had a 'frequently bought together' that made sense, instead of just pushing my usual staples. Anyone else agree?",,1784537821.374863,Reddit
I just realized I order the exact same 5 things on Blinkit every single time. It's too much friction to explore new categories. Who else is stuck in this habit loop?,,1784694680.374863,Reddit
"Just discovered the 'Pet Supplies' category on Blinkit. Absolute game-changer, no more lugging 10kg bags of dog food from the store. Anyone else agree?",,1784700245.374863,Reddit
"Wish they had better trust signals for expensive items. If I'm buying a mixer grinder, I need to see more than 1 image. Anyone else agree?",,1785268544.374863,Reddit
I can't explore new categories when I'm in a rush. I only open Blinkit when I'm desperate for 10-minute delivery of an immediate need. Anyone else agree?,,1785214192.374863,Reddit
"The app UX is great for repeat purchases, terrible for window shopping. It's designed to get you in and out fast.",,1785040502.374863,Reddit
"Blinkit vs Zepto for discovering new snacks? I feel like Blinkit's recommendation engine just shows me my past purchases, making it hard to find new stuff. Anyone else agree?",,1785128086.374863,Reddit
"They really need to improve the category navigation. When I want to explore home goods, I get overwhelmed by irrelevant items. Needs better filtering. Anyone else agree?",,1785129212.374863,Reddit
I just realized I order the exact same 5 things on Blinkit every single time. It's too much friction to explore new categories. Who else is stuck in this habit loop?,,1785085581.374863,Reddit
I just realized I order the exact same 5 things on Blinkit every single time. It's too much friction to explore new categories. Who else is stuck in this habit loop? Anyone else agree?,,1784776896.374863,Reddit
"The app UX is great for repeat purchases, terrible for window shopping. It's designed to get you in and out fast. Anyone else agree?",,1785214985.374863,Reddit
"The app UX is great for repeat purchases, terrible for window shopping. It's designed to get you in and out fast.",,1784762328.374863,Reddit
Is anyone else using Blinkit for gifting now? The 'festival/gifting' category is actually pretty decent for last-minute stuff.,,1785051400.374863,Reddit
"Tried ordering makeup from Blinkit today. I usually just buy milk and eggs but decided to try the beauty category. Honestly impressed with the speed, but there's a serious lack of detailed product descriptions.",,1784558012.374863,Reddit
"What's stopping you from buying electronics on Blinkit? I feel like I can't trust buying a 10k phone without seeing it first, even though I buy groceries there daily.",,1784867300.374863,Reddit
"What's stopping you from buying electronics on Blinkit? I feel like I can't trust buying a 10k phone without seeing it first, even though I buy groceries there daily. Anyone else agree?",,1785264236.374863,Reddit
I can't explore new categories when I'm in a rush. I only open Blinkit when I'm desperate for 10-minute delivery of an immediate need.,,1784991349.374863,Reddit
"Honestly I would buy more from new categories if they had a 'frequently bought together' that made sense, instead of just pushing my usual staples. Anyone else agree?",,1784605764.374863,Reddit
I just realized I order the exact same 5 things on Blinkit every single time. It's too much friction to explore new categories. Who else is stuck in this habit loop? Anyone else agree?,,1784594842.374863,Reddit
The reason I don't buy fresh produce on Blinkit is trust deficit. I need to squeeze the tomatoes myself! Anyone else agree?,,1784996801.374863,Reddit
The reason I don't buy fresh produce on Blinkit is trust deficit. I need to squeeze the tomatoes myself! Anyone else agree?,,1784842953.374863,Reddit
Anyone tried the Blinkit Cafe? I'm hesitant to buy coffee from a grocery app. Anyone else agree?,,1784702165.374863,Reddit
"Tried ordering makeup from Blinkit today. I usually just buy milk and eggs but decided to try the beauty category. Honestly impressed with the speed, but there's a serious lack of detailed product descriptions. Anyone else agree?",,1784756924.374863,Reddit
"Just discovered the 'Pet Supplies' category on Blinkit. Absolute game-changer, no more lugging 10kg bags of dog food from the store. Anyone else agree?",,1784485239.374863,Reddit
Habit lock-in is real! My fingers literally have muscle memory for adding my regular grocery list on Blinkit in 30 seconds. No time to browse for anything else. Anyone else agree?,,1784413409.374863,Reddit
The reason I don't buy fresh produce on Blinkit is trust deficit. I need to squeeze the tomatoes myself! Anyone else agree?,,1784471784.374863,Reddit
Habit lock-in is real! My fingers literally have muscle memory for adding my regular grocery list on Blinkit in 30 seconds. No time to browse for anything else.,,1784550975.374863,Reddit
"They really need to improve the category navigation. When I want to explore home goods, I get overwhelmed by irrelevant items. Needs better filtering.",,1784491997.374863,Reddit
"Honestly I would buy more from new categories if they had a 'frequently bought together' that made sense, instead of just pushing my usual staples. Anyone else agree?",,1784987534.374863,Reddit
"Tried ordering makeup from Blinkit today. I usually just buy milk and eggs but decided to try the beauty category. Honestly impressed with the speed, but there's a serious lack of detailed product descriptions.",,1784900527.374863,Reddit
"Blinkit vs Zepto for discovering new snacks? I feel like Blinkit's recommendation engine just shows me my past purchases, making it hard to find new stuff. Anyone else agree?",,1784942263.374863,Reddit
